# ----------------------------------------,,,,,,
# All Web Site Data,,,,,,
# Content Drilldown,,,,,,
# 20160823-20201017,,,,,,
# ----------------------------------------,,,,,,
,,,,,,
Page path level 2,City,Pageviews,Unique Pageviews,Avg. Time on Page,Bounce Rate,% Exit
/,New Haven,"4,536","3,463",0:00:48,40.73%,22.13%
/opinion/,New Haven,"1,298",866,0:01:13,48.57%,18.64%
/university/,New Haven,"1,004",641,0:00:27,100.00%,24.10%
/wknd/,New Haven,814,554,0:01:34,0.00%,4.30%
/mag/,New Haven,762,589,0:00:50,71.90%,29.53%
/culture/,New Haven,744,641,0:00:28,0.00%,13.98%
/,New York,710,537,0:00:14,23.11%,17.04%
/business/,New Haven,710,606,0:01:12,100.00%,43.94%
/city/,New Haven,710,485,0:00:17,48.57%,7.32%
/scitech/,New Haven,693,467,0:01:14,100.00%,15.01%
/pd/,New Haven,641,467,0:00:35,0.00%,21.68%
/podcasts/,New Haven,537,139,0:00:40,0.00%,6.52%
/copy/,New Haven,485,416,0:00:26,67.31%,28.66%
/sports/,New Haven,467,329,0:00:15,0.00%,3.64%
/management/,New Haven,450,398,0:00:17,0.00%,15.33%
/photo/,New Haven,450,225,0:00:42,0.00%,7.78%
/faq/,New Haven,398,329,0:01:17,48.57%,30.40%
/wknd/,New York,364,52,0:00:25,0.00%,0.00%
/tech/,New Haven,329,277,0:01:20,100.00%,26.44%
/university/,Torrance,312,121,0:02:02,0.00%,11.22%
/ytv/,New Haven,294,225,0:00:18,0.00%,0.00%
/,Torrance,242,139,0:00:44,0.00%,7.02%
/illustrations/,New Haven,242,242,0:00:25,0.00%,7.02%
/,Coffeyville,225,139,0:00:29,0.00%,0.00%
/,Montclair,225,139,0:00:03,19.54%,7.56%
/data/,New Haven,190,52,0:01:00,0.00%,8.95%
/,(not set),156,156,0:00:28,75.36%,44.23%
/opinion/,New York,156,121,0:00:51,0.00%,22.44%
/city/,Torrance,121,87,0:01:53,0.00%,0.00%
/faq/,Torrance,121,104,0:00:46,0.00%,28.93%
/scitech/,Torrance,121,87,0:03:02,0.00%,0.00%
/university/,New York,121,104,0:00:34,0.00%,0.00%
/,Norwalk,104,35,0:00:10,0.00%,16.35%
/,Boston,104,87,0:00:15,0.00%,16.35%
/,Teaneck,104,35,0:00:07,0.00%,0.00%
/,Philadelphia,104,69,0:00:10,100.00%,50.00%
/business/,New York,104,69,0:03:32,0.00%,16.35%
/culture/,Torrance,104,87,0:00:07,0.00%,0.00%
/faq/,New York,104,69,0:00:45,0.00%,0.00%
/mag/,Montclair,104,69,0:00:43,0.00%,50.00%
/opinion/,Boston,104,69,0:00:24,0.00%,16.35%
/opinion/,Montclair,104,52,0:02:48,0.00%,16.35%
/photo/,New York,104,52,0:00:02,100.00%,16.35%
/scitech/,New York,104,104,0:01:13,0.00%,16.35%
/wknd/,Torrance,104,52,0:00:25,0.00%,16.35%
/,Hamden,87,52,0:00:07,0.00%,19.54%
/,Bethesda,87,52,0:00:24,0.00%,0.00%
/,Seattle,87,69,0:02:16,48.57%,59.77%
/city/,Coffeyville,87,87,0:00:25,0.00%,0.00%
/culture/,New York,87,87,0:00:03,0.00%,19.54%
/mag/,Quezon City,87,52,0:00:07,0.00%,19.54%
/management/,New York,87,87,0:00:10,0.00%,40.23%
/opinion/,Torrance,87,69,0:00:08,0.00%,0.00%
/opinion/,Coffeyville,87,87,0:00:25,0.00%,0.00%
/sports/,Torrance,87,52,0:00:04,0.00%,0.00%
/sports/,Coffeyville,87,87,0:00:53,0.00%,19.54%
/university/,Coffeyville,87,87,0:00:23,0.00%,0.00%
/ytv/,Torrance,87,69,0:00:11,0.00%,0.00%
/ytv/,New York,87,52,0:01:01,0.00%,0.00%
/,Frankfurt,69,17,0:00:13,0.00%,0.00%
/,Istanbul,69,52,0:02:32,48.57%,50.72%
/,San Diego,69,69,0:00:19,0.00%,0.00%
/,Austin,69,35,0:06:25,0.00%,24.64%
/,Migennes,69,17,0:00:13,0.00%,0.00%
/,Irondequoit,69,52,0:00:05,0.00%,50.72%
/?page_id=199&preview=true,New Haven,69,17,0:02:21,0.00%,0.00%
/culture/,Claymont,69,17,0:00:12,0.00%,0.00%
/culture/,Coffeyville,69,69,0:00:00,0.00%,100.00%
/illustrations/,New York,69,52,0:00:07,0.00%,24.64%
/mag/,(not set),69,35,0:00:57,0.00%,24.64%
/mag/,Torrance,69,35,0:00:10,0.00%,0.00%
/mag/,New York,69,35,0:00:04,0.00%,0.00%
/opinion/,Washington,69,17,0:05:04,0.00%,0.00%
/opinion/,Frisco,69,52,0:00:43,0.00%,24.64%
/scitech/,Coffeyville,69,69,0:00:23,0.00%,0.00%
/university/,(not set),69,52,0:01:23,100.00%,24.64%
/ytv/,Lincoln,69,52,0:00:27,0.00%,50.72%
/,London,52,35,0:00:15,0.00%,0.00%
/,Stanford,52,17,0:00:05,0.00%,0.00%
/,Washington,52,52,0:00:28,0.00%,32.69%
/,Orlando,52,35,0:00:04,0.00%,32.69%
/,West Palm Beach,52,17,0:00:14,0.00%,0.00%
/,Shreveport,52,52,0:00:00,100.00%,100.00%
/,Cambridge,52,52,0:00:08,0.00%,0.00%
/,Rockville,52,35,0:00:24,0.00%,32.69%
/,Waterville,52,17,0:00:03,0.00%,0.00%
/,Columbia,52,52,0:00:07,67.31%,67.31%
/,Lincoln,52,52,0:01:17,0.00%,0.00%
/,Frisco,52,35,0:00:03,0.00%,0.00%
/,San Antonio,52,52,0:00:00,100.00%,100.00%
/,Harrisonburg,52,17,0:00:13,0.00%,0.00%
/,Doral,52,35,0:00:15,0.00%,32.69%
/city/,(not set),52,52,0:01:34,0.00%,0.00%
/city/,Montclair,52,35,0:01:11,0.00%,32.69%
/city/,New York,52,52,0:00:20,0.00%,32.69%
/city/,Alexandria,52,17,0:00:03,0.00%,0.00%
/copy/,Los Angeles,52,35,0:01:19,100.00%,67.31%
/culture/,Bentonville,52,35,0:00:18,0.00%,0.00%
/data/,New York,52,17,0:00:50,0.00%,0.00%
/faq/,Cambridge,52,17,0:00:19,0.00%,0.00%
/mag/,Saint Paul,52,17,0:01:20,0.00%,32.69%
/management/,Torrance,52,52,0:00:21,0.00%,0.00%
/opinion/,(not set),52,35,0:01:49,100.00%,67.31%
/opinion/,Istanbul,52,17,0:02:06,0.00%,0.00%
/opinion/,Cambridge,52,35,0:00:25,0.00%,67.31%
/photo/,Torrance,52,35,0:00:02,0.00%,0.00%
/sports/,Philadelphia,52,35,0:01:12,0.00%,0.00%
/tech/,Torrance,52,35,0:00:07,0.00%,0.00%
/tech/,Alexandria,52,17,0:00:01,0.00%,0.00%
/university/,Istanbul,52,35,0:03:52,0.00%,0.00%
/university/,Bentonville,52,35,0:00:29,0.00%,0.00%
/wknd/,Alexandria,52,17,0:00:10,0.00%,0.00%
/,Osasco,35,17,0:00:24,0.00%,0.00%
/,Copenhagen,35,35,0:00:03,0.00%,0.00%
/,Quezon City,35,35,0:00:08,0.00%,0.00%
/,Bentonville,35,35,0:00:04,0.00%,0.00%
/,Los Angeles,35,35,0:00:07,0.00%,0.00%
/,Bridgeport,35,35,0:00:00,100.00%,100.00%
/,Middletown,35,17,0:00:40,0.00%,0.00%
/,Westport,35,35,0:00:37,0.00%,0.00%
/,Claymont,35,17,0:00:09,0.00%,0.00%
/,Waukee,35,17,0:00:25,0.00%,0.00%
/,Novi,35,17,0:00:12,0.00%,48.57%
/,Albuquerque,35,35,0:00:00,100.00%,100.00%
/,Chappaqua,35,17,0:00:04,0.00%,0.00%
/,Woodmere,35,17,0:00:15,0.00%,48.57%
/,Alexandria,35,17,0:00:09,0.00%,0.00%
/,Annandale,35,17,0:00:19,0.00%,0.00%
/,Ashburn,35,35,0:00:01,100.00%,48.57%
/,McLean,35,35,0:00:20,0.00%,0.00%
/,Mercer Island,35,17,0:00:31,0.00%,48.57%
/,Quincy,35,35,0:00:00,100.00%,100.00%
/,Numbrecht,35,17,0:01:12,0.00%,0.00%
/,Andover,35,17,0:00:21,0.00%,0.00%
/,Mehlville,35,17,0:00:05,0.00%,0.00%
/,Redland,35,17,0:00:06,0.00%,0.00%
/?p=7,Columbus,35,35,0:00:00,100.00%,100.00%
/business/,Bethesda,35,17,0:00:31,0.00%,48.57%
/business/,Reston,35,17,0:00:00,0.00%,48.57%
/business/,Caguas,35,17,0:00:03,0.00%,0.00%
/city/,Claymont,35,17,0:00:16,0.00%,0.00%
/city/,Frisco,35,35,0:00:15,0.00%,0.00%
/copy/,(not set),35,35,0:01:02,0.00%,48.57%
/copy/,New York,35,35,0:00:06,0.00%,0.00%
/copy/,Harrisonburg,35,17,0:00:04,0.00%,0.00%
/copy/,Caguas,35,17,0:00:04,0.00%,0.00%
/culture/,(not set),35,35,0:00:12,0.00%,0.00%
/culture/,Orlando,35,35,0:00:04,0.00%,0.00%
/culture/,Saint Paul,35,17,0:00:29,0.00%,0.00%
/culture/,Montclair,35,17,0:04:11,0.00%,0.00%
/culture/,Frisco,35,35,0:00:14,0.00%,0.00%
/culture/,Caguas,35,17,0:00:08,0.00%,0.00%
/data/,Irondequoit,35,17,0:00:10,0.00%,0.00%
/faq/,Newton,35,17,0:00:31,0.00%,0.00%
/faq/,Bethesda,35,17,0:00:19,0.00%,0.00%
/faq/,Wyndmoor,35,17,0:01:30,0.00%,0.00%
/illustrations/,Bethesda,35,35,0:00:04,0.00%,48.57%
/illustrations/,Lincoln,35,35,0:00:05,0.00%,0.00%
/illustrations/,Virginia Beach,35,35,0:04:59,100.00%,48.57%
/mag/,Lincoln,35,35,0:00:08,0.00%,0.00%
/mag/,Alexandria,35,17,0:00:01,0.00%,0.00%
/mag/,Ladue,35,35,0:04:12,0.00%,48.57%
/mag/,Caguas,35,17,0:00:11,0.00%,0.00%
/management/,Middletown,35,17,0:00:45,0.00%,0.00%
/management/,Claymont,35,17,0:00:01,0.00%,0.00%
/management/,Bethesda,35,17,0:00:13,0.00%,0.00%
/management/,Columbia,35,17,0:00:14,0.00%,0.00%
/management/,Lincoln,35,35,0:00:11,0.00%,0.00%
/management/,Alexandria,35,17,0:00:01,0.00%,0.00%
/management/,Caguas,35,17,0:00:07,0.00%,0.00%
/opinion/,Manama,35,35,0:00:26,0.00%,0.00%
/opinion/,Norwalk,35,17,0:00:04,0.00%,0.00%
/opinion/,Stamford,35,17,0:00:14,0.00%,0.00%
/opinion/,Jacksonville,35,17,0:03:25,0.00%,48.57%
/opinion/,Teaneck,35,17,0:00:02,0.00%,0.00%
/opinion/,Philadelphia,35,35,0:00:13,0.00%,0.00%
/pd/,Torrance,35,35,0:00:19,0.00%,0.00%
/pd/,Boston,35,35,0:00:04,0.00%,48.57%
/pd/,Lincoln,35,35,0:00:35,0.00%,0.00%
/pd/,New York,35,35,0:00:08,0.00%,0.00%
/pd/,Caguas,35,17,0:00:10,0.00%,0.00%
/photo/,Lincoln,35,35,0:00:31,0.00%,0.00%
/photo/,Frisco,35,35,0:00:01,0.00%,48.57%
/podcasts/,New York,35,17,0:00:01,0.00%,0.00%
/podcasts/,Hoover,35,35,0:00:00,100.00%,100.00%
/scitech/,Claymont,35,17,0:00:02,0.00%,0.00%
/sports/,New York,35,35,0:01:53,0.00%,48.57%
/tech/,(not set),35,35,0:00:04,0.00%,48.57%
/tech/,Lincoln,35,35,0:00:09,0.00%,0.00%
/tech/,New York,35,35,0:00:05,0.00%,0.00%
/tech/,Seattle,35,17,0:00:09,0.00%,0.00%
/tech/,Caguas,35,17,0:00:13,0.00%,0.00%
/university/,Quezon City,35,17,0:05:39,0.00%,0.00%
/university/,Los Angeles,35,17,0:02:14,0.00%,0.00%
/university/,Stanford,35,17,0:00:01,0.00%,0.00%
/university/,Claymont,35,17,0:00:20,0.00%,0.00%
/university/,Rockville,35,35,0:00:33,0.00%,0.00%
/university/,Montclair,35,35,0:00:59,0.00%,48.57%
/university/,Frisco,35,35,0:00:13,0.00%,0.00%
/university/,Caguas,35,17,0:00:09,0.00%,0.00%
/wknd/,Bentonville,35,35,0:00:11,0.00%,48.57%
/wknd/,Boston,35,35,0:07:27,0.00%,0.00%
/wknd/,Rockville,35,35,0:01:04,0.00%,48.57%
/wknd/,Philadelphia,35,35,0:01:12,0.00%,0.00%
/ytv/,Andover,35,17,0:01:01,0.00%,0.00%
/ytv/,Caguas,35,17,0:00:08,0.00%,0.00%
/,Melbourne,17,17,0:00:07,0.00%,0.00%
/,Perth,17,17,0:01:35,0.00%,0.00%
/,Ixelles,17,17,0:00:00,100.00%,100.00%
/,Manama,17,17,0:00:24,0.00%,0.00%
/,Fortaleza,17,17,0:00:31,0.00%,0.00%
/,Uberlandia,17,17,0:00:24,0.00%,0.00%
/,Vancouver,17,17,0:00:06,0.00%,0.00%
/,Markham,17,17,0:00:32,0.00%,0.00%
/,Mendrisio,17,17,0:00:08,0.00%,0.00%
/,Shanghai,17,17,0:00:00,0.00%,100.00%
/,Guangzhou,17,17,0:00:27,0.00%,0.00%
/,Shenzhen,17,17,0:11:10,0.00%,0.00%
/,Paris,17,17,0:00:32,0.00%,0.00%
/,Gravesend,17,17,0:00:00,0.00%,100.00%
/,Pecs,17,17,0:00:00,0.00%,100.00%
/,Bengaluru,17,17,0:00:00,100.00%,100.00%
/,Dublin,17,17,0:00:07,0.00%,0.00%
/,Tel Aviv-Yafo,17,17,0:01:08,0.00%,0.00%
/,Shibuya City,17,17,0:00:33,0.00%,0.00%
/,Suita,17,17,0:00:00,0.00%,100.00%
/,Nairobi,17,17,0:00:00,100.00%,100.00%
/,Colombo,17,17,0:03:01,0.00%,0.00%
/,Port Louis,17,17,0:00:00,100.00%,100.00%
/,Malacca,17,17,0:00:00,0.00%,100.00%
/,Kota Kinabalu,17,17,0:00:27,0.00%,0.00%
/,Kuala Lumpur,17,17,0:00:00,0.00%,100.00%
/,Las Pinas,17,17,0:00:00,100.00%,100.00%
/,Warsaw,17,17,0:00:14,0.00%,0.00%
/,Balikesir,17,17,0:00:00,100.00%,100.00%
/,Kyiv,17,17,0:00:31,0.00%,0.00%
/,Rogers,17,17,0:00:48,0.00%,0.00%
/,Phoenix,17,17,0:00:00,0.00%,100.00%
/,Scottsdale,17,17,0:00:05,0.00%,0.00%
/,Tucson,17,17,0:00:04,0.00%,0.00%
/,Alameda,17,17,0:00:00,0.00%,100.00%
/,Dublin,17,17,0:00:00,100.00%,100.00%
/,Hawthorne,17,17,0:00:00,0.00%,100.00%
/,Irvine,17,17,0:00:12,0.00%,0.00%
/,Los Altos,17,17,0:00:21,0.00%,0.00%
/,Palo Alto,17,17,0:00:34,0.00%,0.00%
/,San Ramon,17,17,0:00:08,0.00%,0.00%
/,Walnut,17,17,0:00:22,0.00%,0.00%
/,West Covina,17,17,0:00:20,0.00%,0.00%
/,Fort Collins,17,17,0:00:11,0.00%,0.00%
/,Clinton,17,17,0:00:05,0.00%,0.00%
/,Darien,17,17,0:00:00,0.00%,100.00%
/,Fairfield,17,17,0:00:29,0.00%,0.00%
/,Farmington,17,17,0:00:16,0.00%,0.00%
/,Hartford,17,17,0:00:00,100.00%,100.00%
/,Stamford,17,17,0:01:00,0.00%,0.00%
/,Vernon,17,17,0:00:00,100.00%,100.00%
/,Miami,17,17,0:00:00,100.00%,100.00%
/,Atlanta,17,17,0:00:00,100.00%,100.00%
/,Des Moines,17,17,0:00:00,100.00%,100.00%
/,Chicago,17,17,0:00:11,0.00%,0.00%
/,Evanston,17,17,0:00:11,0.00%,0.00%
/,Jacksonville,17,17,0:00:36,0.00%,0.00%
/,Zionsville,17,17,0:01:41,0.00%,0.00%
/,Newton,17,17,0:00:51,0.00%,0.00%
/,Westport,17,17,0:00:07,0.00%,0.00%
/,Fort Washington,17,17,0:00:15,0.00%,0.00%
/,Ann Arbor,17,17,0:00:00,0.00%,100.00%
/,Chanhassen,17,17,0:00:32,0.00%,0.00%
/,Saint Paul,17,17,0:00:39,0.00%,0.00%
/,Kansas City,17,17,0:00:00,0.00%,100.00%
/,Chapel Hill,17,17,0:00:56,0.00%,0.00%
/,Minot,17,17,0:00:00,0.00%,100.00%
/,Jersey City,17,17,0:00:00,100.00%,100.00%
/,Rutherford,17,17,0:00:00,100.00%,100.00%
/,Bay Shore,17,17,0:00:00,0.00%,100.00%
/,Buffalo,17,17,0:00:05,0.00%,0.00%
/,Great Neck,17,17,0:00:25,0.00%,0.00%
/,Irvington,17,17,0:02:17,0.00%,0.00%
/,Kings Park,17,17,0:00:00,100.00%,100.00%
/,Mamaroneck,17,17,0:00:00,100.00%,100.00%
/,Columbus,17,17,0:00:00,100.00%,100.00%
/,Powell,17,17,0:00:04,0.00%,0.00%
/,Oklahoma City,17,17,0:00:16,0.00%,0.00%
/,Broomall,17,17,0:00:05,0.00%,0.00%
/,Pittsburgh,17,17,0:00:06,0.00%,0.00%
/,Nashville,17,17,0:00:00,0.00%,100.00%
/,Allen,17,17,0:00:29,0.00%,0.00%
/,Fort Worth,17,17,0:00:11,0.00%,0.00%
/,Houston,17,17,0:00:26,0.00%,0.00%
/,Plano,17,17,0:00:03,0.00%,0.00%
/,Hampton,17,17,0:00:00,100.00%,100.00%
/,Strasburg,17,17,0:00:00,0.00%,100.00%
/,Virginia Beach,17,17,0:23:01,0.00%,0.00%
/,Green Bay,17,17,0:00:17,0.00%,0.00%
/,Cheyenne,17,17,0:00:00,100.00%,100.00%
/,Belgrade,17,17,0:00:00,0.00%,100.00%
/,Locarno,17,17,0:00:51,0.00%,0.00%
/,Muju-gun,17,17,0:00:00,100.00%,100.00%
/,Taby,17,17,0:00:00,0.00%,100.00%
/,Glauchau,17,17,0:00:00,0.00%,100.00%
/,Rathenow,17,17,0:00:00,100.00%,100.00%
/,Arden-Arcade,17,17,0:00:15,0.00%,0.00%
/,Calcutta,17,17,0:00:00,0.00%,100.00%
/,Hoover,17,17,0:00:21,0.00%,0.00%
/,Johns Creek,17,17,0:01:24,0.00%,0.00%
/,Ladue,17,17,0:00:03,0.00%,0.00%
/,Los Altos Hills,17,17,0:00:00,0.00%,100.00%
/,Manchester,17,17,0:00:00,100.00%,100.00%
/,Williamstown,17,17,0:00:00,0.00%,100.00%
/,Wyndmoor,17,17,0:00:08,0.00%,0.00%
/,Manado,17,17,0:00:00,0.00%,100.00%
/,Caguas,17,17,0:00:43,0.00%,0.00%
/,Irece,17,17,0:00:00,0.00%,100.00%
/?customize_changeset_uuid=f8774b84-eae0-4e60-aaca-adc2eb91e528&customize_theme=recruitment&customize_messenger_channel=preview-0,New Haven,17,17,0:03:28,0.00%,0.00%
/?fbclid=IwAR1dBG_mzgtvs8GN4zf9BEkow8F5Q1kOlPcmJHeJ1Cm9x3XzzHuJJScvKzI,New Haven,17,17,0:00:00,100.00%,100.00%
/?fbclid=IwAR1QELBRgZgiH8CtZQ9fIfX5JAaidgCFrqZRwkukPacSXv38nFHM9JJp8LA,New Haven,17,17,0:00:07,0.00%,0.00%
/?fbclid=IwAR31_ib-kvutSL-VgNdRSvYGumo56o_8YnxhcQK593MlS_06U32SullBtjU,New Haven,17,17,0:00:00,100.00%,100.00%
/?fbclid=IwAR3BKlBvTZH80V-WHIZYAdSQG48Pez0iB_QiM5eaxZ1RMTVwkzXBthPJrWU,New Haven,17,17,0:01:07,0.00%,0.00%
/?fbclid=IwAR3EkZJxELZl7mOEF7QT1Gzxwl-ToqrDE7SCbOMKA21LUtnD1JTl5iyf3I8,New Haven,17,17,0:00:04,0.00%,0.00%
/?fbclid=IwAR3IT5A5tLOx7Wes5wR-JUsuCc1mLofCY1gPCamJBmSX-3QbxG6vTlsS0po,New Haven,17,17,0:00:00,100.00%,100.00%
/?fbclid=IwAR3RvP68WX-w9yiNLxFjmIeP8W4tuIqhLLAd_cqoUq9Hpgnglup7birbirg,New Haven,17,17,0:00:03,0.00%,0.00%
/business/,Shenzhen,17,17,0:00:00,0.00%,100.00%
/business/,Torrance,17,17,0:02:20,0.00%,0.00%
/business/,Cambridge,17,17,0:01:35,0.00%,0.00%
/business/,Newton,17,17,0:00:27,0.00%,0.00%
/business/,Lincoln,17,17,0:00:08,0.00%,0.00%
/business/,Teaneck,17,17,0:01:28,0.00%,0.00%
/business/,McLean,17,17,0:00:00,0.00%,100.00%
/business/,Oakton,17,17,0:00:00,100.00%,100.00%
/business/,Migennes,17,17,0:00:00,0.00%,100.00%
/business/,Andover,17,17,0:04:01,0.00%,0.00%
/city/,Quezon City,17,17,0:00:39,0.00%,0.00%
/city/,Bentonville,17,17,0:00:13,0.00%,0.00%
/city/,Scottsdale,17,17,0:00:00,0.00%,100.00%
/city/,Palo Alto,17,17,0:00:23,0.00%,0.00%
/city/,Hamden,17,17,0:00:06,0.00%,0.00%
/city/,Boston,17,17,0:00:04,0.00%,0.00%
/city/,Cambridge,17,17,0:00:10,0.00%,0.00%
/city/,Newton,17,17,0:00:41,0.00%,0.00%
/city/,Bethesda,17,17,0:00:03,0.00%,0.00%
/city/,Rockville,17,17,0:00:05,0.00%,0.00%
/city/,Columbia,17,17,0:00:05,0.00%,0.00%
/city/,Lincoln,17,17,0:00:04,0.00%,0.00%
/city/,Virginia Beach,17,17,0:00:04,0.00%,0.00%
/city/,Migennes,17,17,0:01:05,0.00%,0.00%
/city/,Andover,17,17,0:00:03,0.00%,0.00%
/city/,Doral,17,17,0:00:08,0.00%,0.00%
/city/,Wyndmoor,17,17,0:00:06,0.00%,0.00%
/city/,Caguas,17,17,0:00:02,0.00%,0.00%
/copy/,Melbourne,17,17,0:00:04,0.00%,0.00%
/copy/,Quezon City,17,17,0:00:01,0.00%,0.00%
/copy/,Bentonville,17,17,0:04:28,0.00%,0.00%
/copy/,Scottsdale,17,17,0:00:15,0.00%,0.00%
/copy/,Torrance,17,17,0:00:10,0.00%,0.00%
/copy/,Cambridge,17,17,0:00:19,0.00%,0.00%
/copy/,Newton,17,17,0:00:42,0.00%,0.00%
/copy/,Bethesda,17,17,0:00:14,0.00%,0.00%
/copy/,Columbia,17,17,0:00:07,0.00%,0.00%
/copy/,Lincoln,17,17,0:00:21,0.00%,0.00%
/copy/,Teaneck,17,17,0:00:01,0.00%,0.00%
/copy/,Columbus,17,17,0:00:00,100.00%,100.00%
/copy/,Virginia Beach,17,17,0:01:27,0.00%,0.00%
/copy/,Wyndmoor,17,17,0:00:37,0.00%,0.00%
/culture/,Manama,17,17,0:00:11,0.00%,0.00%
/culture/,Frankfurt,17,17,0:00:12,0.00%,0.00%
/culture/,Istanbul,17,17,0:00:18,0.00%,0.00%
/culture/,Scottsdale,17,17,0:00:14,0.00%,0.00%
/culture/,Los Altos,17,17,0:00:20,0.00%,0.00%
/culture/,San Diego,17,17,0:00:04,0.00%,0.00%
/culture/,Hamden,17,17,0:00:20,0.00%,0.00%
/culture/,Middletown,17,17,0:00:20,0.00%,0.00%
/culture/,Norwalk,17,17,0:00:00,0.00%,100.00%
/culture/,Stamford,17,17,0:00:09,0.00%,0.00%
/culture/,Boston,17,17,0:00:04,0.00%,0.00%
/culture/,Cambridge,17,17,0:00:07,0.00%,0.00%
/culture/,Lincoln,17,17,0:00:03,0.00%,0.00%
/culture/,Philadelphia,17,17,0:00:04,0.00%,0.00%
/culture/,Virginia Beach,17,17,0:00:13,0.00%,0.00%
/culture/,Migennes,17,17,0:00:02,0.00%,0.00%
/culture/,Andover,17,17,0:00:12,0.00%,0.00%
/culture/,Wyndmoor,17,17,0:00:15,0.00%,0.00%
/data/,Osasco,17,17,0:08:54,0.00%,0.00%
/data/,Boston,17,17,0:00:42,0.00%,0.00%
/data/,Montclair,17,17,0:00:04,0.00%,0.00%
/faq/,(not set),17,17,0:00:34,0.00%,0.00%
/faq/,Osasco,17,17,0:00:43,0.00%,0.00%
/faq/,London,17,17,0:00:58,0.00%,0.00%
/faq/,Quezon City,17,17,0:00:58,0.00%,0.00%
/faq/,Bentonville,17,17,0:00:26,0.00%,0.00%
/faq/,Scottsdale,17,17,0:01:04,0.00%,0.00%
/faq/,Los Altos,17,17,0:00:16,0.00%,0.00%
/faq/,Palo Alto,17,17,0:00:43,0.00%,0.00%
/faq/,San Diego,17,17,0:00:27,0.00%,0.00%
/faq/,San Ramon,17,17,0:00:43,0.00%,0.00%
/faq/,Farmington,17,17,0:00:42,0.00%,0.00%
/faq/,Hamden,17,17,0:00:15,0.00%,0.00%
/faq/,West Palm Beach,17,17,0:00:21,0.00%,0.00%
/faq/,Jacksonville,17,17,0:01:19,0.00%,0.00%
/faq/,Coffeyville,17,17,0:00:27,0.00%,0.00%
/faq/,Boston,17,17,0:00:00,0.00%,100.00%
/faq/,Rockville,17,17,0:01:11,0.00%,0.00%
/faq/,Lincoln,17,17,0:00:34,0.00%,0.00%
/faq/,Boardman,17,17,0:00:00,100.00%,100.00%
/faq/,Virginia Beach,17,17,0:00:13,0.00%,0.00%
/faq/,Locarno,17,17,0:00:00,0.00%,100.00%
/faq/,Andover,17,17,0:01:42,0.00%,0.00%
/faq/,Irondequoit,17,17,0:00:13,0.00%,0.00%
/faq/,Ladue,17,17,0:06:11,0.00%,0.00%
/faq/,Caguas,17,17,0:00:27,0.00%,0.00%
/illustrations/,Rogers,17,17,0:00:27,0.00%,0.00%
/illustrations/,Palo Alto,17,17,0:00:00,0.00%,100.00%
/illustrations/,Orlando,17,17,0:00:03,0.00%,0.00%
/illustrations/,Coffeyville,17,17,0:00:00,0.00%,100.00%
/illustrations/,Columbia,17,17,0:01:02,0.00%,0.00%
/illustrations/,Ladue,17,17,0:00:27,0.00%,0.00%
/illustrations/,Caguas,17,17,0:00:00,0.00%,100.00%
/mag/,Paris,17,17,0:00:09,0.00%,0.00%
/mag/,Istanbul,17,17,0:05:21,0.00%,0.00%
/mag/,Scottsdale,17,17,0:01:17,0.00%,0.00%
/mag/,Palo Alto,17,17,0:00:40,0.00%,0.00%
/mag/,Milford,17,17,0:00:16,0.00%,0.00%
/mag/,Westport,17,17,0:00:30,0.00%,0.00%
/mag/,Claymont,17,17,0:00:16,0.00%,0.00%
/mag/,Boston,17,17,0:00:06,0.00%,0.00%
/mag/,Cambridge,17,17,0:00:29,0.00%,0.00%
/mag/,Newton,17,17,0:00:15,0.00%,0.00%
/mag/,Columbia,17,17,0:00:04,0.00%,0.00%
/mag/,Philadelphia,17,17,0:00:26,0.00%,0.00%
/mag/,Andover,17,17,0:00:24,0.00%,0.00%
/mag/,Doral,17,17,0:00:22,0.00%,0.00%
/mag/,Wyndmoor,17,17,0:00:21,0.00%,0.00%
/management/,(not set),17,17,0:00:39,0.00%,0.00%
/management/,Melbourne,17,17,0:01:29,0.00%,0.00%
/management/,Kota Kinabalu,17,17,0:00:00,0.00%,100.00%
/management/,Quezon City,17,17,0:00:43,0.00%,0.00%
/management/,Scottsdale,17,17,0:00:11,0.00%,0.00%
/management/,Los Angeles,17,17,0:00:38,0.00%,0.00%
/management/,Palo Alto,17,17,0:00:41,0.00%,0.00%
/management/,Farmington,17,17,0:00:34,0.00%,0.00%
/management/,Orlando,17,17,0:00:00,0.00%,100.00%
/management/,Boston,17,17,0:00:06,0.00%,0.00%
/management/,Cambridge,17,17,0:00:27,0.00%,0.00%
/management/,Teaneck,17,17,0:00:04,0.00%,0.00%
/management/,Columbus,17,17,0:00:00,100.00%,100.00%
/management/,Virginia Beach,17,17,0:00:11,0.00%,0.00%
/management/,Locarno,17,17,0:01:05,0.00%,0.00%
/management/,Migennes,17,17,0:00:10,0.00%,0.00%
/management/,Wyndmoor,17,17,0:04:58,0.00%,0.00%
/opinion/,Frankfurt,17,17,0:00:56,0.00%,0.00%
/opinion/,Copenhagen,17,17,0:00:06,0.00%,0.00%
/opinion/,Paris,17,17,0:00:00,100.00%,100.00%
/opinion/,Shibuya City,17,17,0:00:00,0.00%,100.00%
/opinion/,Malacca,17,17,0:00:52,0.00%,0.00%
/opinion/,Quezon City,17,17,0:01:22,0.00%,0.00%
/opinion/,Bentonville,17,17,0:00:01,0.00%,0.00%
/opinion/,Rogers,17,17,0:00:00,0.00%,100.00%
/opinion/,Scottsdale,17,17,0:00:10,0.00%,0.00%
/opinion/,San Diego,17,17,0:00:51,0.00%,0.00%
/opinion/,San Ramon,17,17,0:00:00,0.00%,100.00%
/opinion/,Hamden,17,17,0:00:09,0.00%,0.00%
/opinion/,Westport,17,17,0:00:38,0.00%,0.00%
/opinion/,West Palm Beach,17,17,0:00:02,0.00%,0.00%
/opinion/,Newton,17,17,0:02:13,0.00%,0.00%
/opinion/,Westport,17,17,0:00:13,0.00%,0.00%
/opinion/,Bethesda,17,17,0:00:16,0.00%,0.00%
/opinion/,Saint Paul,17,17,0:00:18,0.00%,0.00%
/opinion/,Columbia,17,17,0:00:00,0.00%,100.00%
/opinion/,Lincoln,17,17,0:00:16,0.00%,0.00%
/opinion/,Great Neck,17,17,0:00:26,0.00%,0.00%
/opinion/,Powell,17,17,0:00:04,0.00%,0.00%
/opinion/,Plano,17,17,0:00:00,0.00%,100.00%
/opinion/,Virginia Beach,17,17,0:00:09,0.00%,0.00%
/opinion/,Migennes,17,17,0:00:58,0.00%,0.00%
/opinion/,Andover,17,17,0:00:08,0.00%,0.00%
/opinion/,Caguas,17,17,0:00:23,0.00%,0.00%
/pd/,(not set),17,17,0:00:07,0.00%,0.00%
/pd/,London,17,17,0:00:00,0.00%,100.00%
/pd/,Quezon City,17,17,0:00:03,0.00%,0.00%
/pd/,Istanbul,17,17,0:00:14,0.00%,0.00%
/pd/,Kyiv,17,17,0:00:00,0.00%,100.00%
/pd/,Scottsdale,17,17,0:00:07,0.00%,0.00%
/pd/,Farmington,17,17,0:00:00,0.00%,100.00%
/pd/,Middletown,17,17,0:00:05,0.00%,0.00%
/pd/,Cambridge,17,17,0:00:11,0.00%,0.00%
/pd/,Newton,17,17,0:00:04,0.00%,0.00%
/pd/,Saint Paul,17,17,0:00:33,0.00%,0.00%
/pd/,Columbia,17,17,0:00:17,0.00%,0.00%
/pd/,Philadelphia,17,17,0:00:04,0.00%,0.00%
/pd/,Andover,17,17,0:00:04,0.00%,0.00%
/pd/,Doral,17,17,0:00:19,0.00%,0.00%
/pd/,Ladue,17,17,0:00:06,0.00%,0.00%
/pd/,Wyndmoor,17,17,0:00:09,0.00%,0.00%
/photo/,(not set),17,17,0:00:10,0.00%,0.00%
/photo/,Shibuya City,17,17,0:00:13,0.00%,0.00%
/photo/,West Covina,17,17,0:00:22,0.00%,0.00%
/photo/,West Palm Beach,17,17,0:00:12,0.00%,0.00%
/photo/,Cambridge,17,17,0:00:02,0.00%,0.00%
/photo/,Newton,17,17,0:00:03,0.00%,0.00%
/photo/,Bethesda,17,17,0:00:08,0.00%,0.00%
/photo/,Rockville,17,17,0:00:03,0.00%,0.00%
/photo/,Oklahoma City,17,17,0:00:00,0.00%,100.00%
/photo/,Alexandria,17,17,0:00:01,0.00%,0.00%
/photo/,Ashburn,17,17,0:00:00,100.00%,100.00%
/photo/,Doral,17,17,0:00:07,0.00%,0.00%
/photo/,Caguas,17,17,0:00:02,0.00%,0.00%
/podcasts/,Lincoln,17,17,0:01:07,0.00%,0.00%
/podcasts/,Edison,17,17,0:00:00,100.00%,100.00%
/podcasts/,Montclair,17,17,0:01:05,0.00%,0.00%
/scitech/,Melbourne,17,17,0:00:00,0.00%,100.00%
/scitech/,Fort Collins,17,17,0:07:25,0.00%,0.00%
/scitech/,Middletown,17,17,0:00:01,0.00%,0.00%
/scitech/,Boston,17,17,0:00:04,0.00%,0.00%
/scitech/,Cambridge,17,17,0:00:04,0.00%,0.00%
/scitech/,Columbia,17,17,0:00:31,0.00%,0.00%
/scitech/,Lincoln,17,17,0:00:02,0.00%,0.00%
/scitech/,Columbus,17,17,0:00:00,100.00%,100.00%
/scitech/,McLean,17,17,0:00:13,0.00%,0.00%
/scitech/,Virginia Beach,17,17,0:00:02,0.00%,0.00%
/scitech/,Seattle,17,17,0:00:03,0.00%,0.00%
/scitech/,Migennes,17,17,0:00:06,0.00%,0.00%
/scitech/,Andover,17,17,0:00:05,0.00%,0.00%
/scitech/,Caguas,17,17,0:00:05,0.00%,0.00%
/sports/,Shibuya City,17,17,0:00:17,0.00%,0.00%
/sports/,West Covina,17,17,0:00:00,0.00%,100.00%
/sports/,Norwalk,17,17,0:00:29,0.00%,0.00%
/sports/,Boston,17,17,0:00:06,0.00%,0.00%
/sports/,Bethesda,17,17,0:00:06,0.00%,0.00%
/sports/,Columbia,17,17,0:00:04,0.00%,0.00%
/sports/,Lincoln,17,17,0:00:02,0.00%,0.00%
/sports/,Great Neck,17,17,0:00:13,0.00%,0.00%
/sports/,Andover,17,17,0:00:06,0.00%,0.00%
/sports/,Wyndmoor,17,17,0:00:57,0.00%,0.00%
/sports/,Caguas,17,17,0:00:03,0.00%,0.00%
/tech/,Osasco,17,17,0:00:00,0.00%,100.00%
/tech/,Cambridge,17,17,0:00:06,0.00%,0.00%
/tech/,Newton,17,17,0:00:03,0.00%,0.00%
/tech/,McLean,17,17,0:00:00,0.00%,100.00%
/tech/,Andover,17,17,0:00:09,0.00%,0.00%
/tech/,Wyndmoor,17,17,0:00:01,0.00%,0.00%
/university/,Melbourne,17,17,0:00:09,0.00%,0.00%
/university/,Shibuya City,17,17,0:00:03,0.00%,0.00%
/university/,Scottsdale,17,17,0:00:21,0.00%,0.00%
/university/,Middletown,17,17,0:00:00,0.00%,100.00%
/university/,Norwalk,17,17,0:00:02,0.00%,0.00%
/university/,Westport,17,17,0:00:16,0.00%,0.00%
/university/,Chicago,17,17,0:00:00,100.00%,100.00%
/university/,Boston,17,17,0:00:05,0.00%,0.00%
/university/,Cambridge,17,17,0:00:32,0.00%,0.00%
/university/,Newton,17,17,0:01:26,0.00%,0.00%
/university/,Bethesda,17,17,0:00:03,0.00%,0.00%
/university/,Columbia,17,17,0:00:13,0.00%,0.00%
/university/,Lincoln,17,17,0:00:03,0.00%,0.00%
/university/,Great Neck,17,17,0:00:04,0.00%,0.00%
/university/,Columbus,17,17,0:00:00,100.00%,100.00%
/university/,Boardman,17,17,0:00:00,100.00%,100.00%
/university/,Annandale,17,17,0:01:05,0.00%,0.00%
/university/,Virginia Beach,17,17,0:00:27,0.00%,0.00%
/university/,Locarno,17,17,0:01:27,0.00%,0.00%
/university/,Migennes,17,17,0:01:15,0.00%,0.00%
/university/,Andover,17,17,0:00:04,0.00%,0.00%
/university/,Doral,17,17,0:00:10,0.00%,0.00%
/wknd/,(not set),17,17,0:00:15,0.00%,0.00%
/wknd/,Manama,17,17,0:00:08,0.00%,0.00%
/wknd/,Rogers,17,17,0:01:00,0.00%,0.00%
/wknd/,Los Altos,17,17,0:00:13,0.00%,0.00%
/wknd/,Stamford,17,17,0:00:53,0.00%,0.00%
/wknd/,Carmel,17,17,0:00:26,0.00%,0.00%
/wknd/,Cambridge,17,17,0:00:19,0.00%,0.00%
/wknd/,Newton,17,17,0:00:47,0.00%,0.00%
/wknd/,Lincoln,17,17,0:00:12,0.00%,0.00%
/wknd/,Montclair,17,17,0:01:15,0.00%,0.00%
/wknd/,Andover,17,17,0:00:06,0.00%,0.00%
/wknd/,Wyndmoor,17,17,0:00:14,0.00%,0.00%
/wknd/,Caguas,17,17,0:00:49,0.00%,0.00%
/ytv/,(not set),17,17,0:00:39,0.00%,0.00%
/ytv/,Scottsdale,17,17,0:00:11,0.00%,0.00%
/ytv/,Miami,17,17,0:00:00,100.00%,100.00%
/ytv/,Zionsville,17,17,0:00:00,0.00%,100.00%
/ytv/,Boston,17,17,0:00:04,0.00%,0.00%
/ytv/,Cambridge,17,17,0:00:09,0.00%,0.00%
/ytv/,Columbus,17,17,0:00:00,100.00%,100.00%
/ytv/,Boardman,17,17,0:00:00,100.00%,100.00%
/ytv/,Philadelphia,17,17,0:00:02,0.00%,0.00%
/ytv/,Alexandria,17,17,0:01:42,0.00%,0.00%
/ytv/,Virginia Beach,17,17,0:00:00,0.00%,100.00%
/ytv/,Doral,17,17,0:00:00,0.00%,100.00%
,,"34,027","25,808",0:00:45,51.17%,18.77%
,,,,,,
Day Index,Pageviews,,,,,
8/23/16,0,,,,,
8/24/16,0,,,,,
8/25/16,0,,,,,
8/26/16,0,,,,,
8/27/16,0,,,,,
8/28/16,0,,,,,
8/29/16,0,,,,,
8/30/16,0,,,,,
8/31/16,0,,,,,
9/1/16,0,,,,,
9/2/16,0,,,,,
9/3/16,0,,,,,
9/4/16,0,,,,,
9/5/16,0,,,,,
9/6/16,0,,,,,
9/7/16,0,,,,,
9/8/16,0,,,,,
9/9/16,0,,,,,
9/10/16,0,,,,,
9/11/16,0,,,,,
9/12/16,0,,,,,
9/13/16,0,,,,,
9/14/16,0,,,,,
9/15/16,0,,,,,
9/16/16,0,,,,,
9/17/16,0,,,,,
9/18/16,0,,,,,
9/19/16,0,,,,,
9/20/16,0,,,,,
9/21/16,0,,,,,
9/22/16,0,,,,,
9/23/16,0,,,,,
9/24/16,0,,,,,
9/25/16,0,,,,,
9/26/16,0,,,,,
9/27/16,0,,,,,
9/28/16,0,,,,,
9/29/16,0,,,,,
9/30/16,0,,,,,
10/1/16,0,,,,,
10/2/16,0,,,,,
10/3/16,0,,,,,
10/4/16,0,,,,,
10/5/16,0,,,,,
10/6/16,0,,,,,
10/7/16,0,,,,,
10/8/16,0,,,,,
10/9/16,0,,,,,
10/10/16,0,,,,,
10/11/16,0,,,,,
10/12/16,0,,,,,
10/13/16,0,,,,,
10/14/16,0,,,,,
10/15/16,0,,,,,
10/16/16,0,,,,,
10/17/16,0,,,,,
10/18/16,0,,,,,
10/19/16,0,,,,,
10/20/16,0,,,,,
10/21/16,0,,,,,
10/22/16,0,,,,,
10/23/16,0,,,,,
10/24/16,0,,,,,
10/25/16,0,,,,,
10/26/16,0,,,,,
10/27/16,0,,,,,
10/28/16,0,,,,,
10/29/16,0,,,,,
10/30/16,0,,,,,
10/31/16,0,,,,,
11/1/16,0,,,,,
11/2/16,0,,,,,
11/3/16,0,,,,,
11/4/16,0,,,,,
11/5/16,0,,,,,
11/6/16,0,,,,,
11/7/16,0,,,,,
11/8/16,0,,,,,
11/9/16,0,,,,,
11/10/16,0,,,,,
11/11/16,0,,,,,
11/12/16,0,,,,,
11/13/16,0,,,,,
11/14/16,0,,,,,
11/15/16,0,,,,,
11/16/16,0,,,,,
11/17/16,0,,,,,
11/18/16,0,,,,,
11/19/16,0,,,,,
11/20/16,0,,,,,
11/21/16,0,,,,,
11/22/16,0,,,,,
11/23/16,0,,,,,
11/24/16,0,,,,,
11/25/16,0,,,,,
11/26/16,0,,,,,
11/27/16,0,,,,,
11/28/16,0,,,,,
11/29/16,0,,,,,
11/30/16,0,,,,,
12/1/16,0,,,,,
12/2/16,0,,,,,
12/3/16,0,,,,,
12/4/16,0,,,,,
12/5/16,0,,,,,
12/6/16,0,,,,,
12/7/16,0,,,,,
12/8/16,0,,,,,
12/9/16,0,,,,,
12/10/16,0,,,,,
12/11/16,0,,,,,
12/12/16,0,,,,,
12/13/16,0,,,,,
12/14/16,0,,,,,
12/15/16,0,,,,,
12/16/16,0,,,,,
12/17/16,0,,,,,
12/18/16,0,,,,,
12/19/16,0,,,,,
12/20/16,0,,,,,
12/21/16,0,,,,,
12/22/16,0,,,,,
12/23/16,0,,,,,
12/24/16,0,,,,,
12/25/16,0,,,,,
12/26/16,0,,,,,
12/27/16,0,,,,,
12/28/16,0,,,,,
12/29/16,0,,,,,
12/30/16,0,,,,,
12/31/16,0,,,,,
1/1/17,0,,,,,
1/2/17,0,,,,,
1/3/17,0,,,,,
1/4/17,0,,,,,
1/5/17,0,,,,,
1/6/17,0,,,,,
1/7/17,0,,,,,
1/8/17,0,,,,,
1/9/17,0,,,,,
1/10/17,0,,,,,
1/11/17,0,,,,,
1/12/17,0,,,,,
1/13/17,0,,,,,
1/14/17,0,,,,,
1/15/17,0,,,,,
1/16/17,0,,,,,
1/17/17,0,,,,,
1/18/17,0,,,,,
1/19/17,0,,,,,
1/20/17,0,,,,,
1/21/17,0,,,,,
1/22/17,0,,,,,
1/23/17,0,,,,,
1/24/17,0,,,,,
1/25/17,0,,,,,
1/26/17,0,,,,,
1/27/17,0,,,,,
1/28/17,0,,,,,
1/29/17,0,,,,,
1/30/17,0,,,,,
1/31/17,0,,,,,
2/1/17,0,,,,,
2/2/17,0,,,,,
2/3/17,0,,,,,
2/4/17,0,,,,,
2/5/17,0,,,,,
2/6/17,0,,,,,
2/7/17,0,,,,,
2/8/17,0,,,,,
2/9/17,0,,,,,
2/10/17,0,,,,,
2/11/17,0,,,,,
2/12/17,0,,,,,
2/13/17,0,,,,,
2/14/17,0,,,,,
2/15/17,0,,,,,
2/16/17,0,,,,,
2/17/17,0,,,,,
2/18/17,0,,,,,
2/19/17,0,,,,,
2/20/17,0,,,,,
2/21/17,0,,,,,
2/22/17,0,,,,,
2/23/17,0,,,,,
2/24/17,0,,,,,
2/25/17,0,,,,,
2/26/17,0,,,,,
2/27/17,0,,,,,
2/28/17,0,,,,,
3/1/17,0,,,,,
3/2/17,0,,,,,
3/3/17,0,,,,,
3/4/17,0,,,,,
3/5/17,0,,,,,
3/6/17,0,,,,,
3/7/17,0,,,,,
3/8/17,0,,,,,
3/9/17,0,,,,,
3/10/17,0,,,,,
3/11/17,0,,,,,
3/12/17,0,,,,,
3/13/17,0,,,,,
3/14/17,0,,,,,
3/15/17,0,,,,,
3/16/17,0,,,,,
3/17/17,0,,,,,
3/18/17,0,,,,,
3/19/17,0,,,,,
3/20/17,0,,,,,
3/21/17,0,,,,,
3/22/17,0,,,,,
3/23/17,0,,,,,
3/24/17,0,,,,,
3/25/17,0,,,,,
3/26/17,0,,,,,
3/27/17,0,,,,,
3/28/17,0,,,,,
3/29/17,0,,,,,
3/30/17,0,,,,,
3/31/17,0,,,,,
4/1/17,0,,,,,
4/2/17,0,,,,,
4/3/17,0,,,,,
4/4/17,0,,,,,
4/5/17,0,,,,,
4/6/17,0,,,,,
4/7/17,0,,,,,
4/8/17,0,,,,,
4/9/17,0,,,,,
4/10/17,0,,,,,
4/11/17,0,,,,,
4/12/17,0,,,,,
4/13/17,0,,,,,
4/14/17,0,,,,,
4/15/17,0,,,,,
4/16/17,0,,,,,
4/17/17,0,,,,,
4/18/17,0,,,,,
4/19/17,0,,,,,
4/20/17,0,,,,,
4/21/17,0,,,,,
4/22/17,0,,,,,
4/23/17,0,,,,,
4/24/17,0,,,,,
4/25/17,0,,,,,
4/26/17,0,,,,,
4/27/17,0,,,,,
4/28/17,0,,,,,
4/29/17,0,,,,,
4/30/17,0,,,,,
5/1/17,0,,,,,
5/2/17,0,,,,,
5/3/17,0,,,,,
5/4/17,0,,,,,
5/5/17,0,,,,,
5/6/17,0,,,,,
5/7/17,0,,,,,
5/8/17,0,,,,,
5/9/17,0,,,,,
5/10/17,0,,,,,
5/11/17,0,,,,,
5/12/17,0,,,,,
5/13/17,0,,,,,
5/14/17,0,,,,,
5/15/17,0,,,,,
5/16/17,0,,,,,
5/17/17,0,,,,,
5/18/17,0,,,,,
5/19/17,0,,,,,
5/20/17,0,,,,,
5/21/17,0,,,,,
5/22/17,0,,,,,
5/23/17,0,,,,,
5/24/17,0,,,,,
5/25/17,0,,,,,
5/26/17,0,,,,,
5/27/17,0,,,,,
5/28/17,0,,,,,
5/29/17,0,,,,,
5/30/17,0,,,,,
5/31/17,0,,,,,
6/1/17,0,,,,,
6/2/17,0,,,,,
6/3/17,0,,,,,
6/4/17,0,,,,,
6/5/17,0,,,,,
6/6/17,0,,,,,
6/7/17,0,,,,,
6/8/17,0,,,,,
6/9/17,0,,,,,
6/10/17,0,,,,,
6/11/17,0,,,,,
6/12/17,0,,,,,
6/13/17,0,,,,,
6/14/17,0,,,,,
6/15/17,0,,,,,
6/16/17,0,,,,,
6/17/17,0,,,,,
6/18/17,0,,,,,
6/19/17,0,,,,,
6/20/17,0,,,,,
6/21/17,0,,,,,
6/22/17,0,,,,,
6/23/17,0,,,,,
6/24/17,0,,,,,
6/25/17,0,,,,,
6/26/17,0,,,,,
6/27/17,0,,,,,
6/28/17,0,,,,,
6/29/17,0,,,,,
6/30/17,0,,,,,
7/1/17,0,,,,,
7/2/17,0,,,,,
7/3/17,0,,,,,
7/4/17,0,,,,,
7/5/17,0,,,,,
7/6/17,0,,,,,
7/7/17,0,,,,,
7/8/17,0,,,,,
7/9/17,0,,,,,
7/10/17,0,,,,,
7/11/17,0,,,,,
7/12/17,0,,,,,
7/13/17,0,,,,,
7/14/17,0,,,,,
7/15/17,0,,,,,
7/16/17,0,,,,,
7/17/17,0,,,,,
7/18/17,0,,,,,
7/19/17,0,,,,,
7/20/17,0,,,,,
7/21/17,0,,,,,
7/22/17,0,,,,,
7/23/17,0,,,,,
7/24/17,0,,,,,
7/25/17,0,,,,,
7/26/17,0,,,,,
7/27/17,0,,,,,
7/28/17,0,,,,,
7/29/17,0,,,,,
7/30/17,0,,,,,
7/31/17,0,,,,,
8/1/17,0,,,,,
8/2/17,0,,,,,
8/3/17,0,,,,,
8/4/17,0,,,,,
8/5/17,0,,,,,
8/6/17,0,,,,,
8/7/17,0,,,,,
8/8/17,0,,,,,
8/9/17,0,,,,,
8/10/17,0,,,,,
8/11/17,0,,,,,
8/12/17,0,,,,,
8/13/17,0,,,,,
8/14/17,0,,,,,
8/15/17,0,,,,,
8/16/17,0,,,,,
8/17/17,0,,,,,
8/18/17,0,,,,,
8/19/17,0,,,,,
8/20/17,0,,,,,
8/21/17,0,,,,,
8/22/17,0,,,,,
8/23/17,0,,,,,
8/24/17,0,,,,,
8/25/17,0,,,,,
8/26/17,0,,,,,
8/27/17,0,,,,,
8/28/17,0,,,,,
8/29/17,0,,,,,
8/30/17,0,,,,,
8/31/17,0,,,,,
9/1/17,0,,,,,
9/2/17,0,,,,,
9/3/17,0,,,,,
9/4/17,0,,,,,
9/5/17,0,,,,,
9/6/17,0,,,,,
9/7/17,0,,,,,
9/8/17,0,,,,,
9/9/17,0,,,,,
9/10/17,0,,,,,
9/11/17,0,,,,,
9/12/17,0,,,,,
9/13/17,0,,,,,
9/14/17,0,,,,,
9/15/17,0,,,,,
9/16/17,0,,,,,
9/17/17,0,,,,,
9/18/17,0,,,,,
9/19/17,0,,,,,
9/20/17,0,,,,,
9/21/17,0,,,,,
9/22/17,0,,,,,
9/23/17,0,,,,,
9/24/17,0,,,,,
9/25/17,0,,,,,
9/26/17,0,,,,,
9/27/17,0,,,,,
9/28/17,0,,,,,
9/29/17,0,,,,,
9/30/17,0,,,,,
10/1/17,0,,,,,
10/2/17,0,,,,,
10/3/17,0,,,,,
10/4/17,0,,,,,
10/5/17,0,,,,,
10/6/17,0,,,,,
10/7/17,0,,,,,
10/8/17,0,,,,,
10/9/17,0,,,,,
10/10/17,0,,,,,
10/11/17,0,,,,,
10/12/17,0,,,,,
10/13/17,0,,,,,
10/14/17,0,,,,,
10/15/17,0,,,,,
10/16/17,0,,,,,
10/17/17,0,,,,,
10/18/17,0,,,,,
10/19/17,0,,,,,
10/20/17,0,,,,,
10/21/17,0,,,,,
10/22/17,0,,,,,
10/23/17,0,,,,,
10/24/17,0,,,,,
10/25/17,0,,,,,
10/26/17,0,,,,,
10/27/17,0,,,,,
10/28/17,0,,,,,
10/29/17,0,,,,,
10/30/17,0,,,,,
10/31/17,0,,,,,
11/1/17,0,,,,,
11/2/17,0,,,,,
11/3/17,0,,,,,
11/4/17,0,,,,,
11/5/17,0,,,,,
11/6/17,0,,,,,
11/7/17,0,,,,,
11/8/17,0,,,,,
11/9/17,0,,,,,
11/10/17,0,,,,,
11/11/17,0,,,,,
11/12/17,0,,,,,
11/13/17,0,,,,,
11/14/17,0,,,,,
11/15/17,0,,,,,
11/16/17,0,,,,,
11/17/17,0,,,,,
11/18/17,0,,,,,
11/19/17,0,,,,,
11/20/17,0,,,,,
11/21/17,0,,,,,
11/22/17,0,,,,,
11/23/17,0,,,,,
11/24/17,0,,,,,
11/25/17,0,,,,,
11/26/17,0,,,,,
11/27/17,0,,,,,
11/28/17,0,,,,,
11/29/17,0,,,,,
11/30/17,0,,,,,
12/1/17,0,,,,,
12/2/17,0,,,,,
12/3/17,0,,,,,
12/4/17,0,,,,,
12/5/17,0,,,,,
12/6/17,0,,,,,
12/7/17,0,,,,,
12/8/17,0,,,,,
12/9/17,0,,,,,
12/10/17,0,,,,,
12/11/17,0,,,,,
12/12/17,0,,,,,
12/13/17,0,,,,,
12/14/17,0,,,,,
12/15/17,0,,,,,
12/16/17,0,,,,,
12/17/17,0,,,,,
12/18/17,0,,,,,
12/19/17,0,,,,,
12/20/17,0,,,,,
12/21/17,0,,,,,
12/22/17,0,,,,,
12/23/17,0,,,,,
12/24/17,0,,,,,
12/25/17,0,,,,,
12/26/17,0,,,,,
12/27/17,0,,,,,
12/28/17,0,,,,,
12/29/17,0,,,,,
12/30/17,0,,,,,
12/31/17,0,,,,,
1/1/18,0,,,,,
1/2/18,0,,,,,
1/3/18,0,,,,,
1/4/18,0,,,,,
1/5/18,0,,,,,
1/6/18,0,,,,,
1/7/18,0,,,,,
1/8/18,0,,,,,
1/9/18,0,,,,,
1/10/18,0,,,,,
1/11/18,0,,,,,
1/12/18,0,,,,,
1/13/18,0,,,,,
1/14/18,0,,,,,
1/15/18,0,,,,,
1/16/18,0,,,,,
1/17/18,0,,,,,
1/18/18,0,,,,,
1/19/18,0,,,,,
1/20/18,0,,,,,
1/21/18,0,,,,,
1/22/18,0,,,,,
1/23/18,0,,,,,
1/24/18,0,,,,,
1/25/18,0,,,,,
1/26/18,0,,,,,
1/27/18,0,,,,,
1/28/18,0,,,,,
1/29/18,0,,,,,
1/30/18,0,,,,,
1/31/18,0,,,,,
2/1/18,0,,,,,
2/2/18,0,,,,,
2/3/18,0,,,,,
2/4/18,0,,,,,
2/5/18,0,,,,,
2/6/18,0,,,,,
2/7/18,0,,,,,
2/8/18,0,,,,,
2/9/18,0,,,,,
2/10/18,0,,,,,
2/11/18,0,,,,,
2/12/18,0,,,,,
2/13/18,0,,,,,
2/14/18,0,,,,,
2/15/18,0,,,,,
2/16/18,0,,,,,
2/17/18,0,,,,,
2/18/18,0,,,,,
2/19/18,0,,,,,
2/20/18,0,,,,,
2/21/18,0,,,,,
2/22/18,0,,,,,
2/23/18,0,,,,,
2/24/18,0,,,,,
2/25/18,0,,,,,
2/26/18,0,,,,,
2/27/18,0,,,,,
2/28/18,0,,,,,
3/1/18,0,,,,,
3/2/18,0,,,,,
3/3/18,0,,,,,
3/4/18,0,,,,,
3/5/18,0,,,,,
3/6/18,0,,,,,
3/7/18,0,,,,,
3/8/18,0,,,,,
3/9/18,0,,,,,
3/10/18,0,,,,,
3/11/18,0,,,,,
3/12/18,0,,,,,
3/13/18,0,,,,,
3/14/18,0,,,,,
3/15/18,0,,,,,
3/16/18,0,,,,,
3/17/18,0,,,,,
3/18/18,0,,,,,
3/19/18,0,,,,,
3/20/18,0,,,,,
3/21/18,0,,,,,
3/22/18,0,,,,,
3/23/18,0,,,,,
3/24/18,0,,,,,
3/25/18,0,,,,,
3/26/18,0,,,,,
3/27/18,0,,,,,
3/28/18,0,,,,,
3/29/18,0,,,,,
3/30/18,0,,,,,
3/31/18,0,,,,,
4/1/18,0,,,,,
4/2/18,0,,,,,
4/3/18,0,,,,,
4/4/18,0,,,,,
4/5/18,0,,,,,
4/6/18,0,,,,,
4/7/18,0,,,,,
4/8/18,0,,,,,
4/9/18,0,,,,,
4/10/18,0,,,,,
4/11/18,0,,,,,
4/12/18,0,,,,,
4/13/18,0,,,,,
4/14/18,0,,,,,
4/15/18,0,,,,,
4/16/18,0,,,,,
4/17/18,0,,,,,
4/18/18,0,,,,,
4/19/18,0,,,,,
4/20/18,0,,,,,
4/21/18,0,,,,,
4/22/18,0,,,,,
4/23/18,0,,,,,
4/24/18,0,,,,,
4/25/18,0,,,,,
4/26/18,0,,,,,
4/27/18,0,,,,,
4/28/18,0,,,,,
4/29/18,0,,,,,
4/30/18,0,,,,,
5/1/18,0,,,,,
5/2/18,0,,,,,
5/3/18,0,,,,,
5/4/18,0,,,,,
5/5/18,0,,,,,
5/6/18,0,,,,,
5/7/18,0,,,,,
5/8/18,0,,,,,
5/9/18,0,,,,,
5/10/18,0,,,,,
5/11/18,0,,,,,
5/12/18,0,,,,,
5/13/18,0,,,,,
5/14/18,0,,,,,
5/15/18,0,,,,,
5/16/18,0,,,,,
5/17/18,0,,,,,
5/18/18,0,,,,,
5/19/18,0,,,,,
5/20/18,0,,,,,
5/21/18,0,,,,,
5/22/18,0,,,,,
5/23/18,0,,,,,
5/24/18,0,,,,,
5/25/18,0,,,,,
5/26/18,0,,,,,
5/27/18,0,,,,,
5/28/18,0,,,,,
5/29/18,0,,,,,
5/30/18,0,,,,,
5/31/18,0,,,,,
6/1/18,0,,,,,
6/2/18,0,,,,,
6/3/18,0,,,,,
6/4/18,0,,,,,
6/5/18,0,,,,,
6/6/18,0,,,,,
6/7/18,0,,,,,
6/8/18,0,,,,,
6/9/18,0,,,,,
6/10/18,0,,,,,
6/11/18,0,,,,,
6/12/18,0,,,,,
6/13/18,0,,,,,
6/14/18,0,,,,,
6/15/18,0,,,,,
6/16/18,0,,,,,
6/17/18,0,,,,,
6/18/18,0,,,,,
6/19/18,0,,,,,
6/20/18,0,,,,,
6/21/18,0,,,,,
6/22/18,0,,,,,
6/23/18,0,,,,,
6/24/18,0,,,,,
6/25/18,0,,,,,
6/26/18,0,,,,,
6/27/18,0,,,,,
6/28/18,0,,,,,
6/29/18,0,,,,,
6/30/18,0,,,,,
7/1/18,0,,,,,
7/2/18,0,,,,,
7/3/18,0,,,,,
7/4/18,0,,,,,
7/5/18,0,,,,,
7/6/18,0,,,,,
7/7/18,0,,,,,
7/8/18,0,,,,,
7/9/18,0,,,,,
7/10/18,0,,,,,
7/11/18,0,,,,,
7/12/18,0,,,,,
7/13/18,0,,,,,
7/14/18,0,,,,,
7/15/18,0,,,,,
7/16/18,0,,,,,
7/17/18,0,,,,,
7/18/18,0,,,,,
7/19/18,0,,,,,
7/20/18,0,,,,,
7/21/18,0,,,,,
7/22/18,0,,,,,
7/23/18,0,,,,,
7/24/18,0,,,,,
7/25/18,0,,,,,
7/26/18,0,,,,,
7/27/18,0,,,,,
7/28/18,0,,,,,
7/29/18,0,,,,,
7/30/18,0,,,,,
7/31/18,0,,,,,
8/1/18,0,,,,,
8/2/18,0,,,,,
8/3/18,0,,,,,
8/4/18,0,,,,,
8/5/18,0,,,,,
8/6/18,0,,,,,
8/7/18,0,,,,,
8/8/18,0,,,,,
8/9/18,0,,,,,
8/10/18,0,,,,,
8/11/18,0,,,,,
8/12/18,0,,,,,
8/13/18,0,,,,,
8/14/18,0,,,,,
8/15/18,0,,,,,
8/16/18,0,,,,,
8/17/18,0,,,,,
8/18/18,0,,,,,
8/19/18,0,,,,,
8/20/18,0,,,,,
8/21/18,0,,,,,
8/22/18,0,,,,,
8/23/18,0,,,,,
8/24/18,0,,,,,
8/25/18,0,,,,,
8/26/18,0,,,,,
8/27/18,0,,,,,
8/28/18,0,,,,,
8/29/18,0,,,,,
8/30/18,0,,,,,
8/31/18,0,,,,,
9/1/18,0,,,,,
9/2/18,0,,,,,
9/3/18,0,,,,,
9/4/18,0,,,,,
9/5/18,0,,,,,
9/6/18,0,,,,,
9/7/18,0,,,,,
9/8/18,0,,,,,
9/9/18,0,,,,,
9/10/18,0,,,,,
9/11/18,0,,,,,
9/12/18,0,,,,,
9/13/18,0,,,,,
9/14/18,0,,,,,
9/15/18,0,,,,,
9/16/18,0,,,,,
9/17/18,0,,,,,
9/18/18,0,,,,,
9/19/18,0,,,,,
9/20/18,0,,,,,
9/21/18,0,,,,,
9/22/18,0,,,,,
9/23/18,0,,,,,
9/24/18,0,,,,,
9/25/18,0,,,,,
9/26/18,0,,,,,
9/27/18,0,,,,,
9/28/18,0,,,,,
9/29/18,0,,,,,
9/30/18,0,,,,,
10/1/18,0,,,,,
10/2/18,0,,,,,
10/3/18,0,,,,,
10/4/18,0,,,,,
10/5/18,0,,,,,
10/6/18,0,,,,,
10/7/18,0,,,,,
10/8/18,0,,,,,
10/9/18,0,,,,,
10/10/18,0,,,,,
10/11/18,0,,,,,
10/12/18,0,,,,,
10/13/18,0,,,,,
10/14/18,0,,,,,
10/15/18,0,,,,,
10/16/18,0,,,,,
10/17/18,0,,,,,
10/18/18,0,,,,,
10/19/18,0,,,,,
10/20/18,0,,,,,
10/21/18,0,,,,,
10/22/18,0,,,,,
10/23/18,0,,,,,
10/24/18,0,,,,,
10/25/18,0,,,,,
10/26/18,0,,,,,
10/27/18,0,,,,,
10/28/18,0,,,,,
10/29/18,0,,,,,
10/30/18,0,,,,,
10/31/18,0,,,,,
11/1/18,0,,,,,
11/2/18,0,,,,,
11/3/18,0,,,,,
11/4/18,0,,,,,
11/5/18,0,,,,,
11/6/18,0,,,,,
11/7/18,0,,,,,
11/8/18,0,,,,,
11/9/18,0,,,,,
11/10/18,0,,,,,
11/11/18,0,,,,,
11/12/18,0,,,,,
11/13/18,0,,,,,
11/14/18,0,,,,,
11/15/18,0,,,,,
11/16/18,0,,,,,
11/17/18,0,,,,,
11/18/18,0,,,,,
11/19/18,0,,,,,
11/20/18,0,,,,,
11/21/18,0,,,,,
11/22/18,0,,,,,
11/23/18,0,,,,,
11/24/18,0,,,,,
11/25/18,0,,,,,
11/26/18,0,,,,,
11/27/18,0,,,,,
11/28/18,0,,,,,
11/29/18,0,,,,,
11/30/18,0,,,,,
12/1/18,0,,,,,
12/2/18,0,,,,,
12/3/18,0,,,,,
12/4/18,0,,,,,
12/5/18,0,,,,,
12/6/18,0,,,,,
12/7/18,0,,,,,
12/8/18,0,,,,,
12/9/18,0,,,,,
12/10/18,0,,,,,
12/11/18,0,,,,,
12/12/18,0,,,,,
12/13/18,0,,,,,
12/14/18,0,,,,,
12/15/18,0,,,,,
12/16/18,0,,,,,
12/17/18,0,,,,,
12/18/18,0,,,,,
12/19/18,0,,,,,
12/20/18,0,,,,,
12/21/18,0,,,,,
12/22/18,0,,,,,
12/23/18,0,,,,,
12/24/18,0,,,,,
12/25/18,0,,,,,
12/26/18,0,,,,,
12/27/18,0,,,,,
12/28/18,0,,,,,
12/29/18,0,,,,,
12/30/18,0,,,,,
12/31/18,0,,,,,
1/1/19,0,,,,,
1/2/19,0,,,,,
1/3/19,0,,,,,
1/4/19,0,,,,,
1/5/19,0,,,,,
1/6/19,0,,,,,
1/7/19,0,,,,,
1/8/19,0,,,,,
1/9/19,0,,,,,
1/10/19,0,,,,,
1/11/19,0,,,,,
1/12/19,0,,,,,
1/13/19,22,,,,,
1/14/19,135,,,,,
1/15/19,118,,,,,
1/16/19,84,,,,,
1/17/19,144,,,,,
1/18/19,77,,,,,
1/19/19,53,,,,,
1/20/19,5,,,,,
1/21/19,60,,,,,
1/22/19,55,,,,,
1/23/19,89,,,,,
1/24/19,50,,,,,
1/25/19,37,,,,,
1/26/19,44,,,,,
1/27/19,33,,,,,
1/28/19,63,,,,,
1/29/19,43,,,,,
1/30/19,43,,,,,
1/31/19,37,,,,,
2/1/19,38,,,,,
2/2/19,30,,,,,
2/3/19,46,,,,,
2/4/19,60,,,,,
2/5/19,33,,,,,
2/6/19,42,,,,,
2/7/19,13,,,,,
2/8/19,15,,,,,
2/9/19,12,,,,,
2/10/19,23,,,,,
2/11/19,16,,,,,
2/12/19,61,,,,,
2/13/19,48,,,,,
2/14/19,31,,,,,
2/15/19,18,,,,,
2/16/19,7,,,,,
2/17/19,40,,,,,
2/18/19,37,,,,,
2/19/19,64,,,,,
2/20/19,59,,,,,
2/21/19,38,,,,,
2/22/19,69,,,,,
2/23/19,45,,,,,
2/24/19,87,,,,,
2/25/19,51,,,,,
2/26/19,47,,,,,
2/27/19,30,,,,,
2/28/19,52,,,,,
3/1/19,25,,,,,
3/2/19,6,,,,,
3/3/19,18,,,,,
3/4/19,38,,,,,
3/5/19,19,,,,,
3/6/19,22,,,,,
3/7/19,27,,,,,
3/8/19,33,,,,,
3/9/19,15,,,,,
3/10/19,13,,,,,
3/11/19,14,,,,,
3/12/19,47,,,,,
3/13/19,46,,,,,
3/14/19,29,,,,,
3/15/19,5,,,,,
3/16/19,10,,,,,
3/17/19,12,,,,,
3/18/19,22,,,,,
3/19/19,21,,,,,
3/20/19,45,,,,,
3/21/19,14,,,,,
3/22/19,3,,,,,
3/23/19,18,,,,,
3/24/19,29,,,,,
3/25/19,36,,,,,
3/26/19,80,,,,,
3/27/19,42,,,,,
3/28/19,50,,,,,
3/29/19,36,,,,,
3/30/19,24,,,,,
3/31/19,18,,,,,
4/1/19,42,,,,,
4/2/19,29,,,,,
4/3/19,47,,,,,
4/4/19,59,,,,,
4/5/19,33,,,,,
4/6/19,18,,,,,
4/7/19,56,,,,,
4/8/19,80,,,,,
4/9/19,42,,,,,
4/10/19,45,,,,,
4/11/19,19,,,,,
4/12/19,48,,,,,
4/13/19,19,,,,,
4/14/19,17,,,,,
4/15/19,38,,,,,
4/16/19,47,,,,,
4/17/19,20,,,,,
4/18/19,19,,,,,
4/19/19,10,,,,,
4/20/19,13,,,,,
4/21/19,5,,,,,
4/22/19,83,,,,,
4/23/19,10,,,,,
4/24/19,37,,,,,
4/25/19,25,,,,,
4/26/19,37,,,,,
4/27/19,19,,,,,
4/28/19,17,,,,,
4/29/19,17,,,,,
4/30/19,13,,,,,
5/1/19,13,,,,,
5/2/19,22,,,,,
5/3/19,16,,,,,
5/4/19,23,,,,,
5/5/19,5,,,,,
5/6/19,22,,,,,
5/7/19,3,,,,,
5/8/19,2,,,,,
5/9/19,6,,,,,
5/10/19,4,,,,,
5/11/19,6,,,,,
5/12/19,8,,,,,
5/13/19,40,,,,,
5/14/19,3,,,,,
5/15/19,7,,,,,
5/16/19,32,,,,,
5/17/19,7,,,,,
5/18/19,1,,,,,
5/19/19,26,,,,,
5/20/19,2,,,,,
5/21/19,15,,,,,
5/22/19,13,,,,,
5/23/19,1,,,,,
5/24/19,9,,,,,
5/25/19,0,,,,,
5/26/19,2,,,,,
5/27/19,6,,,,,
5/28/19,11,,,,,
5/29/19,7,,,,,
5/30/19,28,,,,,
5/31/19,18,,,,,
6/1/19,8,,,,,
6/2/19,12,,,,,
6/3/19,3,,,,,
6/4/19,4,,,,,
6/5/19,9,,,,,
6/6/19,3,,,,,
6/7/19,1,,,,,
6/8/19,11,,,,,
6/9/19,2,,,,,
6/10/19,9,,,,,
6/11/19,28,,,,,
6/12/19,1,,,,,
6/13/19,17,,,,,
6/14/19,1,,,,,
6/15/19,17,,,,,
6/16/19,3,,,,,
6/17/19,6,,,,,
6/18/19,1,,,,,
6/19/19,6,,,,,
6/20/19,15,,,,,
6/21/19,5,,,,,
6/22/19,3,,,,,
6/23/19,4,,,,,
6/24/19,10,,,,,
6/25/19,3,,,,,
6/26/19,18,,,,,
6/27/19,4,,,,,
6/28/19,4,,,,,
6/29/19,1,,,,,
6/30/19,8,,,,,
7/1/19,8,,,,,
7/2/19,7,,,,,
7/3/19,11,,,,,
7/4/19,9,,,,,
7/5/19,11,,,,,
7/6/19,2,,,,,
7/7/19,28,,,,,
7/8/19,30,,,,,
7/9/19,37,,,,,
7/10/19,8,,,,,
7/11/19,34,,,,,
7/12/19,13,,,,,
7/13/19,16,,,,,
7/14/19,20,,,,,
7/15/19,2,,,,,
7/16/19,21,,,,,
7/17/19,17,,,,,
7/18/19,29,,,,,
7/19/19,5,,,,,
7/20/19,4,,,,,
7/21/19,4,,,,,
7/22/19,20,,,,,
7/23/19,3,,,,,
7/24/19,32,,,,,
7/25/19,4,,,,,
7/26/19,4,,,,,
7/27/19,23,,,,,
7/28/19,38,,,,,
7/29/19,6,,,,,
7/30/19,4,,,,,
7/31/19,18,,,,,
8/1/19,15,,,,,
8/2/19,40,,,,,
8/3/19,13,,,,,
8/4/19,31,,,,,
8/5/19,58,,,,,
8/6/19,29,,,,,
8/7/19,21,,,,,
8/8/19,23,,,,,
8/9/19,5,,,,,
8/10/19,29,,,,,
8/11/19,25,,,,,
8/12/19,15,,,,,
8/13/19,20,,,,,
8/14/19,14,,,,,
8/15/19,9,,,,,
8/16/19,13,,,,,
8/17/19,18,,,,,
8/18/19,33,,,,,
8/19/19,15,,,,,
8/20/19,25,,,,,
8/21/19,8,,,,,
8/22/19,10,,,,,
8/23/19,12,,,,,
8/24/19,19,,,,,
8/25/19,52,,,,,
8/26/19,569,,,,,
8/27/19,197,,,,,
8/28/19,147,,,,,
8/29/19,156,,,,,
8/30/19,56,,,,,
8/31/19,56,,,,,
9/1/19,53,,,,,
9/2/19,136,,,,,
9/3/19,143,,,,,
9/4/19,45,,,,,
9/5/19,251,,,,,
9/6/19,84,,,,,
9/7/19,97,,,,,
9/8/19,64,,,,,
9/9/19,92,,,,,
9/10/19,57,,,,,
9/11/19,74,,,,,
9/12/19,310,,,,,
9/13/19,82,,,,,
9/14/19,36,,,,,
9/15/19,82,,,,,
9/16/19,111,,,,,
9/17/19,76,,,,,
9/18/19,63,,,,,
9/19/19,29,,,,,
9/20/19,74,,,,,
9/21/19,70,,,,,
9/22/19,57,,,,,
9/23/19,104,,,,,
9/24/19,78,,,,,
9/25/19,121,,,,,
9/26/19,37,,,,,
9/27/19,75,,,,,
9/28/19,80,,,,,
9/29/19,92,,,,,
9/30/19,80,,,,,
10/1/19,59,,,,,
10/2/19,19,,,,,
10/3/19,45,,,,,
10/4/19,41,,,,,
10/5/19,33,,,,,
10/6/19,28,,,,,
10/7/19,35,,,,,
10/8/19,62,,,,,
10/9/19,51,,,,,
10/10/19,182,,,,,
10/11/19,107,,,,,
10/12/19,6,,,,,
10/13/19,57,,,,,
10/14/19,48,,,,,
10/15/19,19,,,,,
10/16/19,36,,,,,
10/17/19,21,,,,,
10/18/19,65,,,,,
10/19/19,14,,,,,
10/20/19,21,,,,,
10/21/19,39,,,,,
10/22/19,57,,,,,
10/23/19,41,,,,,
10/24/19,81,,,,,
10/25/19,24,,,,,
10/26/19,2,,,,,
10/27/19,50,,,,,
10/28/19,392,,,,,
10/29/19,101,,,,,
10/30/19,60,,,,,
10/31/19,39,,,,,
11/1/19,33,,,,,
11/2/19,56,,,,,
11/3/19,58,,,,,
11/4/19,61,,,,,
11/5/19,50,,,,,
11/6/19,57,,,,,
11/7/19,47,,,,,
11/8/19,32,,,,,
11/9/19,47,,,,,
11/10/19,66,,,,,
11/11/19,61,,,,,
11/12/19,48,,,,,
11/13/19,43,,,,,
11/14/19,23,,,,,
11/15/19,28,,,,,
11/16/19,5,,,,,
11/17/19,22,,,,,
11/18/19,57,,,,,
11/19/19,28,,,,,
11/20/19,24,,,,,
11/21/19,40,,,,,
11/22/19,17,,,,,
11/23/19,3,,,,,
11/24/19,23,,,,,
11/25/19,5,,,,,
11/26/19,11,,,,,
11/27/19,18,,,,,
11/28/19,3,,,,,
11/29/19,24,,,,,
11/30/19,6,,,,,
12/1/19,4,,,,,
12/2/19,7,,,,,
12/3/19,17,,,,,
12/4/19,64,,,,,
12/5/19,20,,,,,
12/6/19,8,,,,,
12/7/19,4,,,,,
12/8/19,15,,,,,
12/9/19,10,,,,,
12/10/19,5,,,,,
12/11/19,12,,,,,
12/12/19,14,,,,,
12/13/19,31,,,,,
12/14/19,4,,,,,
12/15/19,10,,,,,
12/16/19,28,,,,,
12/17/19,26,,,,,
12/18/19,13,,,,,
12/19/19,26,,,,,
12/20/19,7,,,,,
12/21/19,27,,,,,
12/22/19,44,,,,,
12/23/19,30,,,,,
12/24/19,22,,,,,
12/25/19,4,,,,,
12/26/19,6,,,,,
12/27/19,5,,,,,
12/28/19,26,,,,,
12/29/19,28,,,,,
12/30/19,18,,,,,
12/31/19,10,,,,,
1/1/20,15,,,,,
1/2/20,14,,,,,
1/3/20,2,,,,,
1/4/20,14,,,,,
1/5/20,9,,,,,
1/6/20,6,,,,,
1/7/20,42,,,,,
1/8/20,28,,,,,
1/9/20,18,,,,,
1/10/20,7,,,,,
1/11/20,14,,,,,
1/12/20,19,,,,,
1/13/20,90,,,,,
1/14/20,13,,,,,
1/15/20,15,,,,,
1/16/20,46,,,,,
1/17/20,31,,,,,
1/18/20,18,,,,,
1/19/20,10,,,,,
1/20/20,15,,,,,
1/21/20,24,,,,,
1/22/20,76,,,,,
1/23/20,73,,,,,
1/24/20,24,,,,,
1/25/20,20,,,,,
1/26/20,47,,,,,
1/27/20,29,,,,,
1/28/20,34,,,,,
1/29/20,28,,,,,
1/30/20,30,,,,,
1/31/20,55,,,,,
2/1/20,28,,,,,
2/2/20,15,,,,,
2/3/20,23,,,,,
2/4/20,19,,,,,
2/5/20,30,,,,,
2/6/20,19,,,,,
2/7/20,13,,,,,
2/8/20,10,,,,,
2/9/20,15,,,,,
2/10/20,43,,,,,
2/11/20,12,,,,,
2/12/20,45,,,,,
2/13/20,6,,,,,
2/14/20,16,,,,,
2/15/20,7,,,,,
2/16/20,4,,,,,
2/17/20,20,,,,,
2/18/20,38,,,,,
2/19/20,9,,,,,
2/20/20,17,,,,,
2/21/20,28,,,,,
2/22/20,24,,,,,
2/23/20,11,,,,,
2/24/20,19,,,,,
2/25/20,57,,,,,
2/26/20,46,,,,,
2/27/20,52,,,,,
2/28/20,7,,,,,
2/29/20,7,,,,,
3/1/20,49,,,,,
3/2/20,34,,,,,
3/3/20,8,,,,,
3/4/20,19,,,,,
3/5/20,31,,,,,
3/6/20,7,,,,,
3/7/20,20,,,,,
3/8/20,26,,,,,
3/9/20,9,,,,,
3/10/20,32,,,,,
3/11/20,13,,,,,
3/12/20,18,,,,,
3/13/20,19,,,,,
3/14/20,10,,,,,
3/15/20,17,,,,,
3/16/20,28,,,,,
3/17/20,37,,,,,
3/18/20,19,,,,,
3/19/20,39,,,,,
3/20/20,10,,,,,
3/21/20,4,,,,,
3/22/20,43,,,,,
3/23/20,33,,,,,
3/24/20,51,,,,,
3/25/20,16,,,,,
3/26/20,34,,,,,
3/27/20,73,,,,,
3/28/20,21,,,,,
3/29/20,21,,,,,
3/30/20,27,,,,,
3/31/20,75,,,,,
4/1/20,34,,,,,
4/2/20,35,,,,,
4/3/20,28,,,,,
4/4/20,30,,,,,
4/5/20,10,,,,,
4/6/20,34,,,,,
4/7/20,77,,,,,
4/8/20,28,,,,,
4/9/20,21,,,,,
4/10/20,56,,,,,
4/11/20,7,,,,,
4/12/20,25,,,,,
4/13/20,33,,,,,
4/14/20,24,,,,,
4/15/20,17,,,,,
4/16/20,69,,,,,
4/17/20,20,,,,,
4/18/20,7,,,,,
4/19/20,62,,,,,
4/20/20,12,,,,,
4/21/20,20,,,,,
4/22/20,10,,,,,
4/23/20,36,,,,,
4/24/20,47,,,,,
4/25/20,27,,,,,
4/26/20,26,,,,,
4/27/20,20,,,,,
4/28/20,23,,,,,
4/29/20,4,,,,,
4/30/20,20,,,,,
5/1/20,22,,,,,
5/2/20,7,,,,,
5/3/20,8,,,,,
5/4/20,54,,,,,
5/5/20,3,,,,,
5/6/20,21,,,,,
5/7/20,29,,,,,
5/8/20,37,,,,,
5/9/20,17,,,,,
5/10/20,11,,,,,
5/11/20,31,,,,,
5/12/20,17,,,,,
5/13/20,40,,,,,
5/14/20,11,,,,,
5/15/20,27,,,,,
5/16/20,25,,,,,
5/17/20,12,,,,,
5/18/20,27,,,,,
5/19/20,19,,,,,
5/20/20,27,,,,,
5/21/20,7,,,,,
5/22/20,50,,,,,
5/23/20,32,,,,,
5/24/20,21,,,,,
5/25/20,4,,,,,
5/26/20,8,,,,,
5/27/20,14,,,,,
5/28/20,38,,,,,
5/29/20,13,,,,,
5/30/20,6,,,,,
5/31/20,0,,,,,
6/1/20,24,,,,,
6/2/20,21,,,,,
6/3/20,4,,,,,
6/4/20,24,,,,,
6/5/20,49,,,,,
6/6/20,10,,,,,
6/7/20,22,,,,,
6/8/20,4,,,,,
6/9/20,6,,,,,
6/10/20,30,,,,,
6/11/20,10,,,,,
6/12/20,2,,,,,
6/13/20,11,,,,,
6/14/20,9,,,,,
6/15/20,5,,,,,
6/16/20,24,,,,,
6/17/20,6,,,,,
6/18/20,11,,,,,
6/19/20,24,,,,,
6/20/20,22,,,,,
6/21/20,21,,,,,
6/22/20,9,,,,,
6/23/20,13,,,,,
6/24/20,8,,,,,
6/25/20,12,,,,,
6/26/20,14,,,,,
6/27/20,95,,,,,
6/28/20,20,,,,,
6/29/20,13,,,,,
6/30/20,14,,,,,
7/1/20,16,,,,,
7/2/20,54,,,,,
7/3/20,42,,,,,
7/4/20,32,,,,,
7/5/20,13,,,,,
7/6/20,52,,,,,
7/7/20,37,,,,,
7/8/20,17,,,,,
7/9/20,10,,,,,
7/10/20,18,,,,,
7/11/20,21,,,,,
7/12/20,20,,,,,
7/13/20,28,,,,,
7/14/20,6,,,,,
7/15/20,15,,,,,
7/16/20,12,,,,,
7/17/20,40,,,,,
7/18/20,20,,,,,
7/19/20,15,,,,,
7/20/20,8,,,,,
7/21/20,68,,,,,
7/22/20,34,,,,,
7/23/20,13,,,,,
7/24/20,13,,,,,
7/25/20,29,,,,,
7/26/20,15,,,,,
7/27/20,10,,,,,
7/28/20,4,,,,,
7/29/20,18,,,,,
7/30/20,5,,,,,
7/31/20,48,,,,,
8/1/20,8,,,,,
8/2/20,24,,,,,
8/3/20,44,,,,,
8/4/20,8,,,,,
8/5/20,33,,,,,
8/6/20,52,,,,,
8/7/20,39,,,,,
8/8/20,34,,,,,
8/9/20,42,,,,,
8/10/20,179,,,,,
8/11/20,458,,,,,
8/12/20,164,,,,,
8/13/20,530,,,,,
8/14/20,192,,,,,
8/15/20,246,,,,,
8/16/20,212,,,,,
8/17/20,80,,,,,
8/18/20,22,,,,,
8/19/20,229,,,,,
8/20/20,56,,,,,
8/21/20,37,,,,,
8/22/20,22,,,,,
8/23/20,63,,,,,
8/24/20,171,,,,,
8/25/20,174,,,,,
8/26/20,64,,,,,
8/27/20,80,,,,,
8/28/20,67,,,,,
8/29/20,240,,,,,
8/30/20,111,,,,,
8/31/20,129,,,,,
9/1/20,156,,,,,
9/2/20,207,,,,,
9/3/20,190,,,,,
9/4/20,144,,,,,
9/5/20,93,,,,,
9/6/20,408,,,,,
9/7/20,178,,,,,
9/8/20,238,,,,,
9/9/20,95,,,,,
9/10/20,229,,,,,
9/11/20,134,,,,,
9/12/20,165,,,,,
9/13/20,102,,,,,
9/14/20,109,,,,,
9/15/20,82,,,,,
9/16/20,73,,,,,
9/17/20,115,,,,,
9/18/20,62,,,,,
9/19/20,32,,,,,
9/20/20,50,,,,,
9/21/20,104,,,,,
9/22/20,125,,,,,
9/23/20,158,,,,,
9/24/20,97,,,,,
9/25/20,63,,,,,
9/26/20,63,,,,,
9/27/20,208,,,,,
9/28/20,84,,,,,
9/29/20,46,,,,,
9/30/20,42,,,,,
10/1/20,47,,,,,
10/2/20,34,,,,,
10/3/20,65,,,,,
10/4/20,25,,,,,
10/5/20,47,,,,,
10/6/20,82,,,,,
10/7/20,34,,,,,
10/8/20,51,,,,,
10/9/20,34,,,,,
10/10/20,33,,,,,
10/11/20,57,,,,,
10/12/20,70,,,,,
10/13/20,61,,,,,
10/14/20,25,,,,,
10/15/20,56,,,,,
10/16/20,20,,,,,
10/17/20,21,,,,,
,"26,533",,,,,